{
  "X": [
    [
      1.0,
      2.0,
      0.0
    ],
    [
      0.0,
      1.0,
      1.0
    ],
    [
      1.0,
      0.0,
      2.0
    ]
  ],
  "W": [
    [
      1.0,
      0.0
    ],
    [
      -1.0,
      1.0
    ]
  ],
  "V": [
    1.0,
    -1.0,
    2.0,
    0.5
  ],
  "Z": [
    [
      2.0,
      2.0
    ],
    [
      -1.0,
      3.0
    ]
  ],
  "A": [
    [
      2.0,
      2.0
    ],
    [
      0.0,
      3.0
    ]
  ],
  "Y": 2.5,
  "loss": 0.125,
  "dL_dY": -0.5,
  "dL_dV": [
    -1.0,
    -1.0,
    -0.0,
    -1.5
  ],
  "dL_dA": [
    [
      -0.5,
      0.5
    ],
    [
      -1.0,
      -0.25
    ]
  ],
  "dL_dZ": [
    [
      -0.5,
      0.5
    ],
    [
      -0.0,
      -0.25
    ]
  ],
  "dL_dW": [
    [
      0.25,
      -1.25
    ],
    [
      0.5,
      -0.5
    ]
  ],
  "dL_dX": [
    [
      -0.5,
      0.5,
      0.0
    ],
    [
      0.5,
      -1.25,
      0.5
    ],
    [
      0.0,
      0.25,
      -0.25
    ]
  ],
  "strongest_weight_index": [
    0,
    1
  ],
  "strongest_weight_gradient": -1.25,
  "q3_maxpool_output": 3.0,
  "q3_maxpool_loss": 0.0,
  "q3_max_position": [
    1,
    1
  ],
  "q3_layernorm_mean": 1.75,
  "q3_layernorm_variance": 1.1875,
  "q3_layernorm_output": [
    [
      0.22941573387056174,
      0.22941573387056174
    ],
    [
      -1.6059101370939322,
      1.1470786693528088
    ]
  ],
  "A_res": [
    [
      3.0,
      4.0
    ],
    [
      0.0,
      4.0
    ]
  ],
  "Y_res": 2.0,
  "loss_res": 0.5,
  "dLres_dX": [
    [
      -2.0,
      2.0,
      0.0
    ],
    [
      -1.0,
      -3.0,
      1.0
    ],
    [
      0.0,
      0.5,
      -0.5
    ]
  ]
}